<?xml version="1.0" encoding="UTF-8"?>
<project-private xmlns="http://www.netbeans.org/ns/project-private/1">
    <editor-bookmarks xmlns="http://www.netbeans.org/ns/editor-bookmarks/2" lastBookmarkId="0"/>
    <open-files xmlns="http://www.netbeans.org/ns/projectui-open-files/2">
        <group>
            <file>file:/home/ccslearner/NetBeansProjects/TourTransportationdb/src/java/VehicleCancellation/vehicle_cancellation.java</file>
            <file>file:/home/ccslearner/NetBeansProjects/TourTransportationdb/web/vehicle_cancellation.jsp</file>
            <file>file:/home/ccslearner/NetBeansProjects/TourTransportationdb/web/index.html</file>
            <file>file:/home/ccslearner/NetBeansProjects/TourTransportationdb/web/vehicle_cancellation_options.html</file>
            <file>file:/home/ccslearner/NetBeansProjects/TourTransportationdb/web/customer_update_processing.jsp</file>
            <file>file:/home/ccslearner/NetBeansProjects/TourTransportationdb/web/vehicle_cancellation_report.jsp</file>
            <file>file:/home/ccslearner/NetBeansProjects/TourTransportationdb/web/vehicle_cancellation_approval.jsp</file>
            <file>file:/home/ccslearner/NetBeansProjects/TourTransportationdb/web/vehicle_cancellation_processing.jsp</file>
            <file>file:/home/ccslearner/NetBeansProjects/TourTransportationdb/src/java/Customer/Customer_a.java</file>
        </group>
    </open-files>
</project-private>
